{"accuracy": 0.3700000047683716, "loss": 15.80704402923584}